,,,,,,,,,,,,,,,,,,,,,,,,,_,,,,,?Ii,?,,ml•,?,•1,=,1,=,,,,
,,SuT P--CODE,,PROMET,,HUNS',,,,-ST. Ria:47  F,,-FDA,,,,,,,,,,,,,,,,,,,,,,,,,,,,,,
,,,,,,,,,,,,,,,,FE:,,,,,,,,,,,,,,,,,,,,,,,,,,
•,?,•,"a,mrrir",,,?s. •?+?,w,.^,,,,,,,,,,,,,,,,,RATE,,,,,,,,,,,,,,,440114C1  Elcr-,,
,,,Mit   A TU   MPS,,,,,,7,12r.i,,,,,,,,,,,,,,,,,,,,,,,,,,,,,,,4/20-07r21,
,,,,,,,,,,,,,,,121.8,,,,,,,,,17,32.40,,,,,,,,,,,,,,550.81,"07,2",,
,,0WFW,,Tr.? I 920,,,,,,agb,,,,,,,,1.?nt,,,,,,,,,,,,,,,,,,,,,1451‘.0,"14.,f2it",,
,,,PAKM   A TO 7 EYPd,,,,,,,,,,,,,,,,,,,,,,,,,,,,,,,,,,,,,,,f21-tif2i
,,,,,,,,,,,,,1.7,,M.,,,,1.1,,,,,74,91.6t,,,,,,,,,,,,,,7oe.f.e W19-11/19-44Ent-12,,,
,,Pcpil:11,,6-7 r60,,,,,,,,,,,,,,,,,,,,,,,,,,,,,,,,,,,,,,f211-117/Z9
,,,,,,,,,,24,,,,,,,,,,,,,,,,,,,,,,,,,,,,,,,19,"MI2,?-114.12i*-e"
,,,,-tVo4712e4972;j-lf11H11/2;.!-11f2S,,,,,,,,,,,1741.4E4,,,,,,,,,179,,"75,6i",,,,,,,,,,,,,1:1156.ea,,1e.0..M2i,
,,PAK131,,famxiki 7575,,,,,1,El,,,,,:9,,,,,,,,,,,,,,,,,,,,,,,,,,k42(?-1211N.-:(h..21.,
,,,,,,,,,,,,,,,v,ail,,,5.6,,,,,35,123.0,,,,,,,,,,,,,,,,,
,,Pfliai,,aPAw EID,SYP,,,,111,63,,"7,",542,,315.@,,,,"63,6",,,,,,,,,,,,,,,,,,,,,,tc14-11q.. e:2721ii-4412e-W2E-65124-11121Hr3,
,,Ufa,,,,,,,,,,,,,,,,,,,,,,141A,,35.4,,,,,,,,,,,,,,,,
,,FA9,,,,,,,,,,fib,L61,,,,,,,,,,,29,70.18,,,,,,,,,,,,,,,,"046,e2 liNt!-e4f2toltiah.",
,,,,CLAW 749 152TE,,,,,,,,,"""71",,171.7,,,,34.3,,,,,81,0.64,,,,,,,,,,,,,,,,352i48411119-€712e-EVR-Elaa-KIIN-1.1/24,
-11120,,,,,,,,,,,,,,,,,,,,,,,,,,,,,,,,,,,,,,,,,,
,,P47156,,CLAVAM IR,,,,,,,,,T,i,,,,,,,,,,,,,,,,,,,,,,,,,,,,
,,,,,,,,,,A.:,H,ii,,6.1,,2.;,,,?-i,,,,,17,743.4b,,,,,,,,,,,,,,.157.,414,5f7!1-ii61224-t1/2S,
,,IM FAME,,"CIAPI TA?, .71/5iiE",,,,,,,,,,,,,,,,,,,,1,,,n.Q.88,,,,,,,,,,,,,Lio.es Kl2e',,
,,11 PAr1 74,,FIRI7-4!,,,,,,,e,e.,,1,,e.e,,,,0.0,,,,,,,,,,,,,,,,,,,,,,
,,,,,,,,,!.?,,e,,42,,42.0,,,i,,,,,,a,,5124,,,,,,,,,,,,,,",A.1",,
,,12 P4175,iVi?-I TAP,,,,,,,,,,,,,,,,,,,,,,77.43,,,,,,,,,,,,,,,e.ee,,
,,1.7 F .1;Kle6,EITY,1,"6,15?fl",,,,,,,,,".-.,",3,0.13,,,,,,,,,,,,,,,,,,,,,,,,,,
,,,,,,,,,",.",i,:1..4,la,,75,,35.0,,,4.e,,,,,4@,,,iii.89,,,,,,,,,,,,,31:51R e5121 i5471,,
,,1 PAKIEr5,,FNErP1,C1P,,,,,,,,,,,,,,,,,,,,,,,,,,,,,,,,,,,258 .04 t2./19-eZfra,,
,,15 FAIN,,,,,,,,4i,5a,P,,M,,61.8,,,,,,0.2,,43,,,,"0,0",,,,,,,,,,,,,,
,,,,,2.C4 ChP,,,,IA,,,,,,,,,,,,,,,,,,,,0.79,,,,,,,,,,,",374,.?& IS'!2t-Pf2.1",,
,,it PAP92,,,,,,,,,,,,,._,qa,,,,M,,,,74,,,,,,,,,,,,,,,,,,
,,,,;Pla D3 CIIP,,,,,,37,,la,,7-1,,,,,,,,,,,,,,,62.76,,,,,,,,,,,22)59.68,4/Y-012H7/2H2/21,
,,1? PA0,,,,,,,,,"q.,",,,a.,,ke,,,,,CR,,,33,,,,,,,,,,,,,,,,,,
,,97,Fi,ACA,,,,,,,,,,,,,,,,,,,,,,,,,,,,,,,,,,,,,,
,,,,L D5 Ele,,,,,,•,,,,,,,,,,,,,,,,,,,,,,,,,,,,,,,,
,,,,,,,,,,•,4,0,,91,,"4.,",,,,i4 A,,,,5,,,"-m, g3",,,,,,,,,,,,,1119.1!: irt2'.4,,
,,10 FAK47.k,&FOCAL,,SOCT ET!,,,,,`,,el,,22,,4.0,,,,,eA,,,18,,,,MI SR,,,,,,,,,,,,"210.Ef,- elpi",,
,,PARTS,ELU,M,"L-1, 21b6",,,,,,,,,,_,,,,,,,,,,,,,,,,,,,,,,,,,,,
,,,,,,,,,,,,II,,1'?,,". .,.",,,,a3,,,,,,,,,,,,,,,,,,,,"110,45",6i2e-Fia,
,,,,,,,,,,1.2,ii,,,,,:,,,. i,,,#,,5,,119.6r9,,,,,,,,,,,,,,,,
,,a F4.17i,,RIN.4-1145CIPFE,,,174LS,,"2517,",,,,,,,,,,,,,,,25e,,,,1e.44,,,,,,,,,,,,2•4.R4 KIN,,
,,,,,,,,,,,@,3',,25e,,t.iii,,,,,mr,,,,,,,,,,,,,,,,,,,,,
,,21 PAKI22,,"LiiIHAL! cf-dam,",,im,,,5,,4,4,,zial,,1..4,,,,1.1i,,,,:4,,,32.i2,,,,,,,,,,,,,liM68 CO1,,
,,22 PAKIP'9,et-Fis,,"1E4',",,!NO,,,H,e,e,,5t,,OA,,,,,,.o,,5i,,,2a.88,,,,,,,,,,,,ti,.' elra,,
,,23 r01217,,"I40.1151,3T-0",,,S,,,I.,2f:,a,,37,,i'ae,,,,€4.e,,,,37,,,3E.4.16,,,,,,,,,,,,"Ili 5,",),2i242-12iN,
,24 F(WL,,,ERLISP:   Ta,,,A S,,,2,2,t,,54,,9.4,,,,,edi,,,e,,,,3e2.o,,,,,,,,,,,,e.e.i,,
,,25 PkeP5q,,*IPT,,,,,,,,,,,,,,,,,,a,,,,,,,,,,,,,,,,,,,,
,,,,,,,,,,,,,,,,,,,d,,ill'.',,,-1,,,,"97,7@",,,,,,,,,,,,)754.ta elli2,,
,,26 PAr.@22,P*1,,,,"/.7.,T",,,,,,,",,",,,,,,,,,,20,,,,,67.69,,,,,,,,,,,"1353,619 KIN-F/20",,
,,,,,,",",L4.,,,P.)6,e,e,,,,,,,,,CI.E.1,,,,,,,,,,,,,,,,,,,,,
,,27 Hein,PfiN,,,,l,,F.2,,0,ill,2219,,11,.i.4,,,,•,,,,"7,",,,,"9471,as",,,,,,,,,,,,,S941.4e .5121.t.4-0/2i4A/W43/2019i21-e9/21,
,,-11/21-11/21,,,,,,,,,,,,,,,,,,,,,,,,,,,,,,,,,,,,,,,,
2FP,,ins.,,PAS IING,,iicy,,,6e,lie?,,e,66E4,,,1115,,,Et .5,,,,,"3,56",,,17.92,,,,,,,,,,,,,6379.52,0312144./214.21,
,,29 PAK10,PM,,SYP,,,,,,,,,,,tase,,,,,,@.0,,42,,,,,55.44,,,,,,,,,,,2328.48 09/1913/22,,
,,30 P40.57,Pfd--1),,,in,,,1.7,,2,e,237,,,153.i,,,,,,,,79,,,129.16,,,,,,,,,,,,,,1K2;.64 11/19-11/1945/2145/21,
,,:1 FAti I62,,HNC 4.5C10,,,VIEL,,,23,24,@,,i7,,aq,,,,,,2A,,17,,,,154%16,,,,,,,,,,,177,,.72 1N19-11/2e-4/21,
,,,,,,,,,"Il'l?,",,"3,:.",17,,1b,,55.2,,,,114q,,,,,,,,,,,,,,,,,,,,,3.1;21,
,,32 PAK100,P PI,1.12,:AL,,VA,,,,,,,,,,,,,,,,,,,,,,,,,,,,,,,,,,,
,,,,,,,15GM,,5,,e,e,,50,,e.3,,,,,,1.7,,4-;,,,,,,,,,,,,,,,,:76.  c1!',,
,,53 PAK25q,,PECKES OINT,,,,,,,,,,,,?is,,,,,143.a,,,,,7,,,,,,62,,,,,,,,,,
,,PAKPil,,PRAPItti -524,,743,,,,",;!",W,124,1,,,,,,,,,,,,,,,,,,,,,,,,,,,,,
,,,,,,,le s,,:,"')',",02,Ile,,50,5,0.0,,,,,,"0.c,",,0,,,,,,132.94,,,,,,,,,,,ef9/24,
,35 PA K475,,,ROSUKEW-F TAB,,,,,,,,,,,,,,,,,,,,113,,,,,16.16,,,,,,,,,,,4255.0 kI22,,
,,,,,,AT,,,15,,75,il,,qe,,42.E,,,,,,,,,,,,,,,,,,,,,,,,,,
,,PAK147,,SAIRMIL 0 TAB,,,,,,,,,,,,8,,,,,,,,16,,,,,,,77.72,,,,,,,,162,,1.64 O6/2244/22,
,37 PP021,,,SATRUSYL 3e63,,tqT,,,,"if,",IH,e,,15@,,.@,,,,,,,e.q,,,,,,,,,,,,,,,,,,,
,,,,,,,,,",",,@,0,,57,,"55,9",,,,,,,".(,4",2,,,,,,36.Y7,,,,,,,,,,,FiLha,
,,PAY.P32,,soram   EYP,,7eY.L,,,"71,",,,,,,,,,,,,,,,,,,,,,,,,,,,,,,,,,
,,,,,,101,,,,53,16&,34,,253,,127.1,,,,,,18.9,,107,,,,,,,,20.32,,,,,,,,,2174.24 €5/21046/2i46/21-11/2.1-1.1/21-44/22,
,,PAKP23,"91,10",,,,,,,,,,,,,,,,,,,,,,,,,,,,,,,,,,,,,,,
,,,,,,beN.,,,0,31,,53,,433,,366.3,,,,,,4 p7,,26,,,,,,,35.97,,,,,,,,,,9:5.22 03/2115121-,"6/21.6,21"
,413 PAK110,,,"L PLUS St""",,,,,,,,,,,,,,,,,,,,,,,,,,,,,,,,,,,,,,
,,,,,,lei,,,224,,664,a   1024,,,,"723,3",,,,,,112.7,,IDS,,,,,,,,61.E6,,,,,,,,,11.629.68 ezt21.12/21-11/21-84122-04122,
,,41. PAKelEt,SL,1 TrtEr,,,,,,,,,,,,,,,,,,,,,,,,,,,,,,,,,,,,,,
,,,,,,,LA,,,2,5..!,e,,59,,33.3,,,,,,,3.7,71,,,,,,,22.64,,,,,,,,,,475.44 li/1916/21;Y-(37/2-E721,
,,?PKTE.il,"SL',D-L",,125 RR,,,,,er5,,,,,,,,,,,,,0.0,80,,,,,,,,22.70,,,,,,,,1E16.* Er9/2ii,,
,,,,,,,6i0,,,,e,e,,Gb,,,,,,,,,,,,,,,,,,,,,,,,,,,,
,43 PA K282,,,9.145-1_ 25tM6 DS SUP,,15,r,,,5g,@,e,,5i,,2.4,,,,,,,"9,6",i0,,,,,,,15.C7,,,,,,,,,_i 521n fi4/21,,
,44 PAK11}3,,,SUffi-L SISMG,,,,,,,,,,. -,,N.e ...?•,?,?,••••,?,• 1,=,7.•,,•,?,•,?,•,?,•,?,• M,?,,,0.1,1,,,,
